Title,Summary,Content,CategoryId,LanguageId,FeaturedImage,Statut
Les volcans,Les volcans sont des structures geologiques qui liberent du magma des gaz et des cendres,Un volcan est une ouverture dans la croute terrestre permettant au magma de s'echapper. Il existe plusieurs types de volcans selon leur forme et leur activite. Les volcans effusifs produisent des coulees de lave fluide tandis que les volcans explosifs projettent des cendres et des roches.,8,1,https://images.unsplash.com/photo-1554232456-8727aae0cfa4?w=1200&q=80,Published
Le systeme solaire,Le systeme solaire est compose du Soleil et de tous les objets celestes qui orbitent autour de lui,Le systeme solaire comprend huit planetes Mercure Venus la Terre Mars Jupiter Saturne Uranus et Neptune. Il contient egalement des planetes naines des asteroides et des cometes. Le Soleil represente 99.8% de la masse totale du systeme.,8,1,https://images.unsplash.com/photo-1614728263952-84ea256f9679?w=1200&q=80,Published
Les pyramides d'Egypte,Les pyramides d'Egypte sont des monuments funeraires construits pour les pharaons,Les pyramides d'Egypte sont parmi les plus grandes constructions de l'Antiquite. La pyramide de Khéops est la plus grande et la plus ancienne des pyramides de Gizeh. Elles ont ete construites pour servir de tombeaux aux pharaons et temoignent du savoir-faire architectural egyptien.,9,1,https://images.unsplash.com/photo-1539650116574-8efeb43e2750?w=1200&q=80,Published
Les chevaliers du Moyen Age,Les chevaliers etaient des guerriers nobles qui suivaient un code d'honneur appele chevalerie,Au Moyen Age les chevaliers occupaient une place centrale dans la societe feodale. Ils etaient lies a un seigneur par un serment de fidelite et combattaient a cheval avec une armure complete. La chevalerie reposait sur des valeurs comme le courage la loyaute et la protection des plus faibles.,10,1,https://images.unsplash.com/photo-1599583863916-9084d52c0c3b?w=1200&q=80,Published
Les forets tropicales,Les forets tropicales abritent une biodiversite exceptionnelle et jouent un role cle dans le climat mondial,Les forets tropicales se trouvent principalement pres de l'equateur en Amazonie en Afrique centrale et en Asie du Sud-Est. Elles abritent plus de la moitie des especes animales et vegetales de la planete. Ces forets absorbent egalement de grandes quantites de dioxyde de carbone ce qui en fait un element essentiel de la regulation climatique mondiale.,11,1,https://images.unsplash.com/photo-1441974231531-c6227db76b6e?w=1200&q=80,Published
Les oceans et leurs mysteres,Les oceans couvrent plus de 70% de la surface terrestre et restent largement inexplores,Les oceans representent l'un des plus grands mysteres de notre planete. Moins de 20% des fonds marins ont ete cartographies avec precision. Les oceans regulent le climat produisent une grande partie de l'oxygene terrestre et abritent une biodiversite marine extraordinaire allant du plancton aux baleines.,12,1,https://images.unsplash.com/photo-1505142468610-359e7d316be0?w=1200&q=80,Published
Les lois de Newton,Les lois de Newton decrivent les principes fondamentaux de la mecanique classique,Isaac Newton a formule trois lois fondamentales au XVIIe siecle. La premiere loi appelee principe d'inertie stipule qu'un objet reste au repos ou en mouvement uniforme sauf si une force agit sur lui. La deuxieme loi relie la force a la masse et a l'acceleration. La troisieme loi affirme que toute action produit une reaction egale et opposee.,2,1,https://images.unsplash.com/photo-1635070041078-e363dbe005cb?w=1200&q=80,Published
L'electromagnetisme,L'electromagnetisme etudie les interactions entre les champs electriques et magnetiques,L'electromagnetisme est une branche de la physique qui unifie l'electricite et le magnetisme. James Clerk Maxwell a formalise cette theorie au XIXe siecle avec ses celebres equations. Cette decouverte a permis le developpement de nombreuses technologies modernes comme les telecommunications l'electricite domestique et les appareils electroniques.,2,1,https://images.unsplash.com/photo-1620641788421-7a1c342ea42e?w=1200&q=80,Published
Le tableau periodique,Le tableau periodique organise tous les elements chimiques connus selon leurs proprietes,Le tableau periodique a ete cree par Dmitri Mendeleïev en 1869. Il organise les elements chimiques par numero atomique croissant et regroupe les elements aux proprietes similaires dans des colonnes appelees groupes. Aujourd'hui le tableau periodique compte 118 elements confirmes allant de l'hydrogene aux elements synthetiques les plus lourds.,3,1,https://images.unsplash.com/photo-1532187863486-abf9dbad1b69?w=1200&q=80,Published
Les reactions chimiques,Une reaction chimique est une transformation de la matiere qui produit de nouvelles substances,Lors d'une reaction chimique les liaisons entre atomes se rompent et se reforment pour creer de nouvelles molecules. On distingue plusieurs types de reactions comme la combustion la synthese et la decomposition. La loi de conservation de la masse formulee par Lavoisier stipule que la masse totale des reactifs egale la masse totale des produits.,3,1,https://images.unsplash.com/photo-1554475901-4538ddfbccc2?w=1200&q=80,Published
L'Empire romain,L'Empire romain fut l'une des plus grandes civilisations de l'Antiquite s'etendant sur trois continents,L'Empire romain a domine la Mediterranee pendant plusieurs siecles apres la chute de la Republique romaine en 27 avant J.-C. A son apogee il s'etendait de la Bretagne au Moyen-Orient. Les Romains ont laisse un heritage durable dans le droit l'architecture la langue et l'organisation politique qui influence encore le monde moderne.,9,1,https://images.unsplash.com/photo-1552832230-c0197dd311b5?w=1200&q=80,Published
La civilisation grecque antique,La Grece antique est consideree comme le berceau de la philosophie occidentale et de la democratie,La civilisation grecque a connu son age d'or entre le Ve et le IVe siecle avant J.-C. Athenes a invente la democratie tandis que des philosophes comme Socrate Platon et Aristote ont pose les bases de la pensee occidentale. Les Grecs ont egalement excelle dans les arts le theatre et les mathematiques avec des figures comme Pythagore et Euclide.,9,1,https://images.unsplash.com/photo-1555993539-1732b0258235?w=1200&q=80,Published
Les croisades,Les croisades furent une serie d'expeditions militaires religieuses menees par les chretiens d'Europe vers le Moyen-Orient,Entre 1096 et 1291 huit croisades majeures ont ete lancees par l'Eglise catholique pour reprendre Jerusalem et la Terre Sainte aux musulmans. Ces expeditions ont profondement marque les relations entre l'Europe et le Moyen-Orient favorisant aussi des echanges commerciaux et culturels importants entre les deux mondes.,10,1,https://images.unsplash.com/photo-1599583863916-9084d52c0c3b?w=1200&q=80,Published
La peste noire,La peste noire fut une pandemie devastatrice qui a tue environ un tiers de la population europeenne au XIVe siecle,La peste noire a frappe l'Europe entre 1347 et 1351 provoquant la mort d'environ 25 millions de personnes. Cette pandemie causee par la bacterie Yersinia pestis s'est propagee via les routes commerciales et les puces de rats. Elle a profondement transforme la societe medievale en bouleversant l'economie et les structures sociales.,10,1,https://images.unsplash.com/photo-1461360370896-922624d12aa1?w=1200&q=80,Published
La savane africaine,La savane africaine est un ecosysteme unique abritant une faune emblematique comme les lions et les elephants,La savane africaine est caracterisee par de vastes plaines herbeuses parsemees d'arbres isoles. Cet ecosysteme abrite une biodiversite exceptionnelle incluant les grands mammiferes comme les lions les girafes les elephants et les zebres. Les saisons des pluies et de secheresse rythment la vie de cet ecosysteme fragile menace par le changement climatique.,11,1,https://images.unsplash.com/photo-1547721064-da6cfb341d50?w=1200&q=80,Published
La foret amazonienne,La foret amazonienne est la plus grande foret tropicale du monde et un poumon vert essentiel pour la planete,La foret amazonienne s'etend sur pres de 5.5 millions de kilometres carres repartis sur neuf pays d'Amerique du Sud. Elle abrite environ 10% de la biodiversite mondiale connue et joue un role crucial dans la regulation du climat planetaire. La deforestation menace cependant gravement cet ecosysteme vital.,11,1,https://images.unsplash.com/photo-1516026672322-bc52d61a55d5?w=1200&q=80,Published
Les recifs coralliens,Les recifs coralliens sont des ecosystemes marins extraordinaires qui abritent une biodiversite exceptionnelle,Les recifs coralliens couvrent moins de 1% des fonds oceaniques mais abritent environ 25% de toutes les especes marines connues. Ces structures sont formees par des colonies de polypes coralliens qui secretent du carbonate de calcium. Le rechauffement climatique et l'acidification des oceans menacent gravement ces ecosystemes fragiles a travers le phenomene de blanchissement corallien.,12,1,https://images.unsplash.com/photo-1546026423-cc4642628d2b?w=1200&q=80,Published
Les courants oceaniques,Les courants oceaniques sont des mouvements d'eau qui regulent le climat de notre planete,Les courants oceaniques transportent d'enormes quantites de chaleur autour de la planete influencant directement le climat regional. Le Gulf Stream par exemple rechauffe l'Europe occidentale en transportant de l'eau chaude des Caraibes vers l'Atlantique Nord. Ces courants sont generes par les vents la rotation terrestre et les differences de densite de l'eau.,12,1,https://images.unsplash.com/photo-1505142468610-359e7d316be0?w=1200&q=80,Published
La Revolution francaise,La Revolution francaise de 1789 a transforme profondement la societe et la politique europeenne,La Revolution francaise debuta en 1789 avec la prise de la Bastille le 14 juillet. Elle mit fin a la monarchie absolue et etablit les principes de liberte egalite et fraternite. La Declaration des droits de l'homme et du citoyen proclamee en 1789 reste l'un des textes fondateurs de la democratie moderne. Napoleon Bonaparte emerga ensuite de cette periode revolutionnaire pour dominer l'Europe.,4,1,https://images.unsplash.com/photo-1502602898657-3e91760cbb34?w=1200&q=80,Published
La Revolution industrielle,La Revolution industrielle du XVIIIe siecle a transforme les societes agraires en societes industrielles,La Revolution industrielle debuta en Grande-Bretagne vers 1760 avec l'invention de la machine a vapeur par James Watt. Elle transforma radicalement les modes de production en remplacant le travail manuel par des machines. Les usines se multiplierent les villes grandirent rapidement et les conditions de travail des ouvriers etaient souvent difficiles. Cette periode marqua le debut du capitalisme moderne.,4,1,https://images.unsplash.com/photo-1581092160562-40aa08e78837?w=1200&q=80,Published
La civilisation egyptienne,La civilisation egyptienne antique est l'une des plus anciennes et des plus fascinantes de l'histoire humaine,La civilisation egyptienne s'est developpee le long du Nil pendant plus de 3000 ans. Les pharaons gouvernaient en tant que dieux vivants et supervisaient la construction de monuments grandioses comme les pyramides et le Sphinx. Les Egyptiens ont developpe l'un des premiers systemes d'ecriture les hieroglyphes et ont fait des avancees remarquables en medecine en astronomie et en mathematiques.,5,1,https://images.unsplash.com/photo-1539650116574-8efeb43e2750?w=1200&q=80,Published
La civilisation mesopotamienne,La Mesopotamie est consideree comme le berceau de la civilisation avec l'invention de l'ecriture et des premieres villes,La Mesopotamie situee entre le Tigre et l'Euphrate dans l'actuel Irak est le berceau de la civilisation. Les Sumeriens y inventerent l'ecriture cunéiforme vers 3200 avant J.-C. Les Babyloniens developperent un code de lois avance le Code d'Hammurabi. Ces civilisations ont pose les bases de l'organisation sociale politique et economique qui influencent encore le monde moderne.,5,1,https://images.unsplash.com/photo-1555993539-1732b0258235?w=1200&q=80,Published
Les lions d'Afrique,Le lion est le roi de la savane africaine un predateur puissant vivant en groupes sociaux appeles fiertes,Le lion est le plus grand felin d'Afrique et le seul a vivre en groupes sociaux appeles fiertes. Une fiertee comprend generalement plusieurs femelles leurs petits et quelques males. Les lionnes sont les principales chasseuses tandis que les males protegent le territoire. Malheureusement les lions sont aujourd'hui classes comme espece vulnerable avec une population en declin due a la perte d'habitat et au braconnage.,6,1,https://images.unsplash.com/photo-1546182990-dffeafbe841d?w=1200&q=80,Published
Les elephants d'Asie,L'elephant d'Asie est le plus grand mammifere terrestre d'Asie et un animal d'une intelligence remarquable,L'elephant d'Asie se distingue de son cousin africain par ses oreilles plus petites et son dos plus arque. Ces animaux vivent en groupes matriarcaux diriges par la femelle la plus agee. Ils communiquent par des sons infrasoniques inaudibles pour l'humain et font preuve d'une memoire exceptionnelle. Classes comme espece en danger l'elephant d'Asie est menace par la deforestation et le braconnage.,6,1,https://images.unsplash.com/photo-1564760055775-d63b17a55c44?w=1200&q=80,Published
Le changement climatique,Le changement climatique est l'une des plus grandes menaces environnementales du XXIe siecle,Le changement climatique est cause principalement par les emissions de gaz a effet de serre dues aux activites humaines. La temperature moyenne de la Terre a augmente d'environ 1.1 degre Celsius depuis l'ere preindustrielle. Les consequences incluent la fonte des glaciers la montee du niveau des mers et la multiplication des evenements meteorologiques extremes. Les accords internationaux comme l'Accord de Paris visent a limiter ce rechauffement.,7,1,https://images.unsplash.com/photo-1561484930-998b6a7b22e8?w=1200&q=80,Published
Les energies renouvelables,Les energies renouvelables sont des sources d'energie inepuisables qui representent l'avenir de notre systeme energetique,Les energies renouvelables comprennent l'energie solaire eolienne hydraulique geothermique et la biomasse. Contrairement aux combustibles fossiles elles ne produisent pas ou peu de gaz a effet de serre. L'energie solaire et eolienne ont connu une croissance explosive ces dernieres annees avec des couts en baisse constante. De nombreux pays s'engagent a atteindre la neutralite carbone en s'appuyant sur ces sources d'energie propres.,7,1,https://images.unsplash.com/photo-1509391366360-2e959784a276?w=1200&q=80,Published
La photosynthese,La photosynthese est le processus par lequel les plantes convertissent la lumiere solaire en energie chimique,La photosynthese est un processus biologique fondamental qui permet aux plantes algues et certaines bacteries de produire leur propre nourriture a partir de la lumiere solaire du dioxyde de carbone et de l'eau.,1,1,https://images.unsplash.com/photo-1532187863486-abf9dbad1b69?w=1200&q=80,Published
La genetique,La genetique est la science qui etudie les genes l'heredite et la variation des organismes vivants,La genetique est une branche de la biologie qui etudie comment les caracteres hereditaires sont transmis de generation en generation. Fondee par Gregor Mendel au XIXe siecle cette science a revolutionne notre comprehension du vivant.,1,1,https://images.unsplash.com/photo-1532187863486-abf9dbad1b69?w=1200&q=80,Published